[
    {
      "id": "bytetalk_01",
      "title": "绝对坦率：打造反馈文化",
      "author": "bytedance",
      "publishTime": "2020年7月7日",
      "type": 2,
      "cover": "tancheng.jpg"
    },
    {
      "id": "event_01",
      "title": "2020字节跳动全球员工摄影大赛邀请函",
      "author": "bytedance",
      "publishTime": "2020年10月7日",
      "type": 0
    },
    {
      "id": "event_02",
      "title": "Lark·巡洋计划开发者大赛圆满结束",
      "author": "bytedance",
      "publishTime": "2019年10月7日",
      "type": 1,
      "conver": "event_02.png"
    },
    {
      "id": "teamBuilding_04",
      "title": "4-12 虹桥天地，蹦起来吧！",
      "author": "vc team",
      "publishTime": "2019年4月11日",
      "type": 3,
      "cover": "teamBuilding_04.png"
    },
    {
      "id": "teamBuilding_09",
      "title": "9月18日淀山湖户外团建",
      "author": "vc mobile team",
      "publishTime": "2020年9月7日",
      "type": 4,
      "covers": ["tb09_1.png", "tb09_2.png", "tb09_3.png", "tb09_4.png"]
    }
  
]